Target_URL,Generated_Dialogue,Sentiment,Outcome
https://www.salesforce.com,"SELLER: Hi, my name is Alex, and I'm reaching out from DeepData AI. We're a data processing solution that helps companies like yours streamline their data management and gain valuable insights. Can I speak with the CTO, please?

BUYER: This is John, the CTO. What's this about?

SELLER: Hi John, thanks for taking my call. I came across your company and noticed that you're using a range of different tools for data management. I'd like to introduce you to DeepData AI, which can help you unify your data and improve your decision-making.

BUYER: We're already using Salesforce for our CRM needs, and we're pretty happy with it. What makes you think we need another solution?

SELLER: I understand that you're invested in Salesforce, but DeepData AI is designed to complement your existing tools, not replace them. Our solution can help you process and analyze large amounts of data from various sources, including Salesforce, to gain deeper insights into your customers and operations.

BUYER: I'm not sure we have the budget for another tool right now. We're trying to optimize our existing investments before adding new ones. Plus, I'm not convinced that your solution would integrate seamlessly with our current systems.

SELLER: I understand your concerns, John. However, I'd like to offer a customized demo to show you how DeepData AI can integrate with your existing tools, including Salesforce, and provide a clear ROI. We've had success with similar companies in the past, and I believe we can help you achieve significant efficiency gains.

BUYER: I appreciate the offer, but I don't think we're ready to move forward with a demo at this time. We're in the middle of a major project, and our priorities are focused elsewhere. Maybe send me an email with more information, and I'll review it when I have a chance.

SELLER: I understand, John. I'll send you an email with some case studies and more details about our solution. However, I want to make sure you're aware that we're offering a limited-time discount for new customers, and I'd hate for you to miss out on that opportunity.

BUYER: Like I said, send me an email, and I'll take a look. But to be honest, I don't think we'll be moving forward with this anytime soon. We're just not interested in adding another tool to our stack right now.",Neutral,Failure
https://www.hubspot.com,"SELLER: Hi, my name is John and I'm reaching out from DeepData AI. We're a data processing solution that helps companies like yours streamline their data management and gain valuable insights. I came across your company, and I was impressed with the work you're doing in the industry. Can you tell me a little bit about your current data processing challenges?

BUYER: We're actually using a combination of tools, including HubSpot, to manage our data. It's been working okay for us so far. What makes DeepData AI different from what we're already using?

SELLER: That's a great question. While HubSpot is a fantastic platform, it can be limited in its ability to handle large-scale data processing. DeepData AI is designed to handle massive amounts of data and provide more advanced analytics capabilities. We've seen companies like yours achieve significant improvements in data-driven decision making and revenue growth. I'd love to show you a demo and explore how we can help.

BUYER: I'm not sure we're in the market for a new data processing solution right now. We've just implemented HubSpot and we're still getting used to it. Plus, I'm not sure if our budget can accommodate another tool.

SELLER: I completely understand. Implementing a new tool can be a significant investment. However, I'd like to highlight that DeepData AI can actually complement your existing HubSpot setup and enhance its capabilities. We've had success with other companies who were using HubSpot and saw significant ROI from our solution. Would you be open to a quick call to discuss how we can integrate with your existing setup and explore potential cost savings?

BUYER: I appreciate the offer, but like I said, we're not really looking to add another tool to our stack right now. We're trying to simplify our tech landscape, not add to it. And to be honest, I'm not the right person to make decisions about budget anyway. You'd need to talk to our CFO about that.

SELLER: I understand your concerns, and I respect your priorities. However, I'd like to reiterate that our solution can actually help simplify your data management and provide more efficient insights. If you're not the right person to talk to about budget, could I at least send you some information and you could pass it along to your CFO? Or perhaps we could schedule a call with them to discuss further?

BUYER: No, I don't think that's necessary. We're just not interested in pursuing another data processing solution at this time. Thank you for reaching out, but I think we'll have to decline.",Neutral,Failure
https://www.freshworks.com,"SELLER: Hi, my name is Alex and I'm reaching out from DeepData AI. We're a data processing solution that helps companies like yours streamline their data management and gain valuable insights. Can I speak with the person in charge of IT or data management?

BUYER: This is John, the CTO. What's this about?

SELLER: Great to connect with you, John. Our solution, DeepData AI, uses machine learning to automate data processing, reducing manual errors and increasing efficiency. We've seen significant ROI for our clients in the industry. I'd love to explore if this could be a good fit for your company.

BUYER: I'm not sure we're in the market for a new data processing solution. We've already invested in Freshworks and are pretty happy with their IT service management tools. What makes DeepData AI different?

SELLER: While Freshworks is a great tool for IT service management, DeepData AI focuses specifically on data processing and analytics. Our solution can actually integrate with Freshworks, enhancing your existing workflow and providing more in-depth insights. Would you be open to a quick demo to see how it could work for your team?

BUYER: Honestly, we're not looking to add any new vendors or solutions right now. We're trying to simplify our tech stack, not complicate it. And to be frank, our budget for this quarter is already allocated. I appreciate the offer, but I think we'll have to pass.

SELLER: I completely understand, John. Simplifying the tech stack is a great goal. If I could provide some case studies or whitepapers on how DeepData AI has helped similar companies, would you be willing to take a look and reconsider in the future?

BUYER: No, I don't think so. We're not interested in exploring new data processing solutions at this time. Please don't follow up with any additional information. We're good with our current setup.",Negative,Failure
https://www.monday.com,"SELLER: Hi, my name is Emily and I'm reaching out from DeepData AI. We're a data processing solution that helps companies like yours streamline their data workflows and gain valuable insights. Can I speak with the person in charge of IT or data management?

BUYER: This is John, the CTO. What's this about?

SELLER: Great to connect with you, John. I came across your company, monday.com, and noticed that you're using various tools for project management, marketing, and sales. I think our solution, DeepData AI, could help you integrate and process your data more efficiently, reducing manual labor and increasing productivity.

BUYER: We're already using a few data processing tools, and to be honest, I'm not sure we need another one. What makes DeepData AI so special?

SELLER: That's a fair question, John. Our AI-powered engine can handle large volumes of data, providing real-time analytics and automation capabilities that can help your teams make data-driven decisions faster. We've seen significant ROI for our clients in similar industries. Would you be open to a quick demo to see how it can benefit your organization?

BUYER: I'm not sure. We're in the middle of a big project right now, and I don't have the bandwidth to explore new solutions. Plus, I'd need to discuss this with our procurement team, and we're locked into a contract with one of your competitors.

SELLER: I understand your concerns, John. However, I'd like to offer a customized demo that can address your specific pain points and show how DeepData AI can complement your existing tools. We've worked with companies in similar situations, and our solution can be integrated with your current workflow. Would you be willing to allocate 30 minutes for a demo in the next two weeks?

BUYER: I appreciate the offer, but I don't think this is a priority for us right now. We're not looking to add any new vendors or solutions at this time. Please just send me an email with some information, and I'll review it when I have a chance.

SELLER: I understand, John. I'll send over an email with more information about DeepData AI. However, I want to reiterate that our solution can bring significant value to your organization, and I'd be happy to discuss this further if you're willing to reconsider.

BUYER: No, I don't think so. We're not interested in pursuing this at this time. Please don't follow up, and just send the email as a courtesy.",Negative,Failure
https://www.clickup.com,"SELLER: Hi, my name is Alex and I'm reaching out from DeepData AI. We're a data processing solution that helps companies like yours streamline their data workflows and gain valuable insights. I came across your company, ClickUp, and was impressed with the work you're doing in maximizing productivity. I think our solution could complement your existing workflows.

BUYER: (skeptical) Oh, another data processing solution. What makes you think we need something like that? We're already using a combination of tools to manage our data.

SELLER: I understand that you have existing tools in place, but our solution is designed to integrate with a wide range of data sources and provide a unified view of your data. This can help reduce data silos and improve decision-making. I'd love to discuss how our solution can specifically address the challenges you're facing at ClickUp.

BUYER: (hesitant) I'm not sure we're in the market for a new data processing solution right now. We've just implemented a new project management tool and are still getting used to it. Plus, I'm not convinced that your solution would be worth the cost.

SELLER: I completely understand your concerns about cost and timing. However, our solution is designed to be scalable and flexible, so it can grow with your company's needs. We've also had success with similar companies in the productivity space, and I'd be happy to provide case studies or references. Additionally, we offer a free trial period to test our solution and see the value it can bring to your organization.

BUYER: (still skeptical) I appreciate the offer, but I'm not sure we have the budget for this right now. And even if we did, I'm not sure I have the authority to make a decision on this. Our CFO would need to be involved in any purchasing decisions.

SELLER: I understand that budget and authority can be significant obstacles. However, I'd like to propose a demo of our solution to showcase its capabilities and potential ROI. This would give you and your team a better understanding of how our solution can address your specific pain points. Would you be open to a 30-minute demo next week?

BUYER: (firmly) No, I don't think so. We're not interested in pursuing a new data processing solution at this time. We have too many other priorities and initiatives underway, and I don't see this as a critical need for our company. Please don't contact me again about this.",Negative,Failure
https://www.atlassian.com,"SELLER: Hi, my name is Alex and I'm reaching out from DeepData AI. We're a data processing solution that helps companies like yours optimize their data workflow. I came across your company, and I saw that you're using Atlassian tools like Jira and Confluence. I think our solution could complement your existing tech stack.

BUYER: (skeptical) Oh, another data processing solution. What makes yours so special? We already have a few tools in place, and I'm not sure we're looking to add another one.

SELLER: I completely understand. Our solution is unique in that it uses AI to automate data processing tasks, which can help reduce manual errors and increase efficiency. We've seen companies like yours achieve significant cost savings and productivity gains. I'd love to schedule a demo to show you how it works.

BUYER: (objection) I'm not sure we have the budget for this right now. We're in the middle of a big project, and our priority is getting that done. Plus, I'm not sure if our team would be able to integrate another tool into our workflow.

SELLER: I understand that budget and timing can be a challenge. However, our solution is designed to be easy to integrate and can actually help your team work more efficiently, which could lead to cost savings in the long run. We also offer a free trial, so you can test it out and see the benefits for yourself before committing to a purchase.

BUYER: (objection) I appreciate the offer, but I'm not sure I have the authority to make a decision on this. Our procurement process is pretty strict, and I'd need to get approval from our CFO. Plus, we're already locked into a contract with one of your competitors.

SELLER: I understand the procurement process can be complex. If you're interested, I could provide some materials and case studies that you could share with your CFO to help make a stronger case for our solution. Additionally, we've worked with companies who were previously locked into contracts with our competitors, and we've been able to offer them a better solution at a competitive price.

BUYER: (firmly) Look, I appreciate the pitch, but I think we're going to have to pass. We're not looking to add any new tools to our tech stack right now, and we're happy with our current solutions. Maybe send me an email with some more information, and I'll take a look, but I don't think we'll be moving forward with this.

SELLER: Okay, I understand. I'll send you an email with some more information, and if you have any questions or change your mind, don't hesitate to reach out.

BUYER: (definitive) Yeah, that's fine. Like I said, we're not interested right now, so just send me the email and we'll leave it at that.",Negative,Failure
https://www.slack.com,"SELLER: Hi, my name is Alex and I'm reaching out from DeepData AI. We're a data processing solution that helps companies like yours streamline their data workflows and gain valuable insights. Can I speak with the person in charge of IT or data management?

BUYER: Ah, that's me. I'm the CTO. What's this about?

SELLER: Great to connect with you! Our solution, DeepData AI, uses machine learning to automate data processing tasks, reducing manual errors and increasing productivity. We've had great success with similar companies in your industry. I'd love to explore if our solution could be a good fit for your team.

BUYER: I'm not sure we need another data processing tool. We're already using a few different solutions, and to be honest, I'm not convinced that AI is the right fit for our needs. Plus, we're in the middle of budget planning, and I don't think we have the resources to take on something new right now.

SELLER: I completely understand your concerns. However, our solution is designed to integrate with existing tools and workflows, so it's not a rip-and-replace situation. We've also seen that our AI-powered approach can help companies like yours save an average of 20% on data processing costs. Would you be open to a quick demo to see how DeepData AI could specifically address your pain points?

BUYER: Look, I appreciate the pitch, but we're actually pretty happy with our current setup. We use Slack for team communication and have some custom-built tools for data processing. I don't think we need to switch to something new, especially not with the cost of implementation and training. Can you just send me an email with more information, and I'll take a look when I have time?

SELLER: I can definitely send over some information. However, I want to make sure you understand that our solution is designed to complement tools like Slack, not replace them. We've had success with companies that use Slack, and our integration can actually enhance their existing workflows. If you're not interested in exploring this further, I completely understand, but I want to make sure you have all the information before making a decision.

BUYER: No, I think we're good. Like I said, send me an email, and I'll review it when I can. But to be honest, I don't think we'll be moving forward with this. We've got too much on our plate, and this just isn't a priority for us right now.

SELLER: Okay, I understand. I'll send over that email, and if you have any questions or change your mind, please don't hesitate to reach out. Thank you for your time today, and I wish you and your team all the best.

BUYER: Thanks, Alex. Have a good day.",Neutral,Failure
https://www.datadoghq.com,"SELLER: Hi, my name is Alex, and I'm reaching out from DeepData AI. We're a data processing solution that helps companies like yours optimize their data infrastructure. I came across your company, and I noticed you're using Datadog for cloud monitoring. Can you tell me a little bit about your current data processing setup?

BUYER: (sighs) Yeah, we're using Datadog, and it's been working fine for us. What makes you think we need something else?

SELLER: Well, while Datadog is great for monitoring, our solution focuses on processing and analyzing the data to provide deeper insights. We've seen companies like yours reduce costs and improve performance by leveraging our AI-powered data processing. I'd love to discuss how we can help you achieve similar results. Would you be open to a quick demo to explore this further?

BUYER: (hesitant) I don't know...we're pretty happy with our current setup, and I'm not sure we have the budget for another solution. Plus, we just renewed our contract with Datadog, so I'm not sure we can make any changes right now.

SELLER: I completely understand. Contract lock-ins can be a challenge. However, our solution is designed to be complementary to existing tools like Datadog. We've worked with companies who have similar setups, and they've seen significant benefits from using our solution in conjunction with their existing tools. Can I ask, what are your biggest pain points with your current data processing setup?

BUYER: (skeptical) Honestly, we're not really experiencing any major issues. And even if we were, I'm not sure I'd be the right person to talk to about this. I'm the CTO, but our CFO handles all the budgeting decisions. You'd need to talk to them about pricing and contracts.

SELLER: I appreciate your honesty. I can definitely reach out to your CFO to discuss pricing and contracts. However, I'd like to ensure that our solution aligns with your technical requirements before we proceed. Can I send you a brief overview of our solution, and perhaps we could schedule a follow-up call to discuss further?

BUYER: (firmly) Look, I appreciate the offer, but we're just not interested in exploring another data processing solution right now. We've got our hands full with other projects, and this isn't a priority for us. Please don't follow up; we'll reach out if our needs change.",Negative,Failure
https://www.newrelic.com,"SELLER: Hi, my name is Alex and I'm reaching out from DeepData AI. We're a data processing solution that helps companies like yours optimize their data infrastructure. I came across your company, New Relic, and was impressed with the work you're doing in the observability space. Can I ask, what are some of the biggest challenges you're facing with your current data processing setup?

BUYER: Honestly, we're not really looking to switch from our current solution. We've invested a lot in our existing infrastructure and it's working well for us. Plus, we're in the middle of a major project and don't have the bandwidth to consider new vendors right now.

SELLER: I completely understand. However, I'd like to highlight that our solution can actually help you optimize your existing infrastructure, making it more efficient and cost-effective. We've worked with similar companies in the past and seen significant returns on investment. Would you be open to discussing how our solution can address specific pain points you may be experiencing?

BUYER: I appreciate the offer, but like I said, we're not looking to make any changes right now. We've got a lot on our plate and this isn't a priority for us. Besides, we've already got a contract in place with another provider, so even if we were interested, we'd be locked in for the next year or so.

SELLER: I understand the contract situation, but I'd like to ask, are you experiencing any issues with your current provider that you're not entirely satisfied with? Sometimes, even with a contract in place, it's worth exploring alternative solutions that can better meet your needs.

BUYER: Look, I appreciate your persistence, but we're really not interested. We've got our hands full with other projects and this just isn't something we're looking to pursue. Can you just send me an email with some information and I'll take a look at it when I have some time?

SELLER: I can definitely send over some information, but I want to make sure you understand that our solution can have a significant impact on your business. Would you be willing to consider a quick demo to see how our solution can address some of the challenges you may be facing?

BUYER: No, I don't think so. Like I said, we're not interested right now. Just send me the email and I'll review it when I have a chance. But to be honest, I don't think we'll be pursuing this further.",Negative,Failure
https://www.splunk.com,"SELLER: Hi, my name is Alex and I'm reaching out from DeepData AI. We're a data processing solution that helps companies like yours unlock insights from their machine data. I came across your company, Splunk, and noticed that you're a leader in the security and observability space. I'd love to explore how our solution can complement your existing infrastructure.

BUYER: (skeptical) Ah, another data processing solution. What makes DeepData AI so special? We already have a robust platform in place, and I'm not sure we need another tool.

SELLER: I completely understand your skepticism. However, our solution is specifically designed to handle large-scale machine data, providing real-time insights and AI-driven analytics. We've seen significant success with similar companies in the industry, and I believe we could help you uncover new opportunities for growth and improvement. Would you be open to a quick demo to see how our solution can integrate with your existing Splunk platform?

BUYER: (hesitant) I'm not sure. We're currently in the middle of a major project, and I don't have the bandwidth to explore new solutions right now. Plus, I'd need to get approval from our procurement team, and that's a lengthy process. What's the pricing for your solution, anyway?

SELLER: Our pricing is competitive, and we offer customized plans based on the specific needs of each company. However, I can tell you that our average customer sees a significant ROI within the first six months of implementation. As for the procurement process, I completely understand. But I'd like to offer a personalized demo, which can help you visualize the value proposition and make a stronger case to your procurement team.

BUYER: (firmly) Look, I appreciate the offer, but we're just not interested in exploring new solutions at this time. We're locked into a contract with our current provider, and it's not feasible for us to switch or add another tool to our stack. Please don't contact me again.

SELLER: I understand, and I respect your decision. I'll make sure to update our records and won't reach out again. Thank you for your time, and I wish you and Splunk continued success.

BUYER: (final decision) That's all, thank you.",Negative,Failure
https://www.cloudflare.com,"SELLER: Hi, my name is Emily, and I'm reaching out from DeepData AI. We're a data processing solution that helps companies like yours optimize their data management and gain valuable insights. Can I speak with the CTO, please?

BUYER: This is John, the CTO. What's this about?

SELLER: Hi John, thanks for taking my call. I understand that Cloudflare is a leader in providing security and performance solutions for websites, apps, and networks. Our solution, DeepData AI, can complement your existing infrastructure by providing advanced data processing capabilities, enabling you to make data-driven decisions.

BUYER: I'm not sure we need another data processing solution. We already have a few tools in place, and I'm not convinced that yours would be a good fit. What makes DeepData AI so special?

SELLER: I completely understand your skepticism, John. What sets us apart is our ability to handle large volumes of data in real-time, providing instant insights that can inform your business decisions. We've seen significant success with similar companies in the industry. I'd love to schedule a demo to show you how our solution can address specific pain points you may be experiencing.

BUYER: I appreciate the offer, but we're in the middle of a major project right now, and I don't have the bandwidth to explore new solutions. Plus, I'm not sure if we have the budget for this. We're locked into a contract with one of your competitors, and I don't see us switching anytime soon.

SELLER: I understand that timing and budget can be constraints. However, I'd like to propose that our solution can actually help you optimize your current infrastructure and potentially reduce costs in the long run. Regarding the contract, I'd be happy to discuss how we can work with you to integrate our solution in a way that complements your existing setup.

BUYER: Look, I appreciate your persistence, Emily, but I really don't think this is something we're interested in pursuing at this time. We've got our hands full with other priorities, and I just don't see the value proposition that would make us want to switch or add another solution to our stack. Thanks for reaching out, but I think we'll have to pass.",Neutral,Failure
https://www.okta.com,"SELLER: Hi, my name is John and I'm reaching out from DeepData AI. We're a data processing solution that helps companies like yours streamline their data operations and gain valuable insights. I came across Okta and saw that you're invested in securing identities for your employees, customers, and AI agents. I'd love to explore how our solution can complement your existing infrastructure.

BUYER: (skeptical) Okay, what makes you think we need another data processing solution? We already have a few tools in place, and I'm not sure we're looking to add more complexity to our stack.

SELLER: I completely understand your concern about complexity. However, our solution is designed to integrate seamlessly with existing systems, including Okta. We've worked with several companies in the identity security space and have seen significant benefits in terms of data efficiency and security. For example, one of our clients was able to reduce their data processing time by 30% after implementing our solution.

BUYER: (still skeptical) That sounds interesting, but we're in the middle of a major project right now and I'm not sure we have the bandwidth to evaluate new solutions. Plus, I'm not sure what the ROI would be on a new data processing tool. Can you tell me more about your pricing?

SELLER: Our pricing is competitive, and we offer customized plans based on the specific needs of each company. I'd be happy to provide you with more information on our pricing model. However, I want to emphasize that our solution is designed to provide long-term value and cost savings, rather than just being a short-term expense. We've seen companies like yours achieve significant returns on investment by streamlining their data operations and improving their data security.

BUYER: (firmly) Look, I appreciate the pitch, but I really don't think we're in a position to consider new solutions right now. We're locked into a contract with one of your competitors, and even if we weren't, I'm not sure we'd be willing to take on the integration and training costs associated with a new tool. I think we'll have to pass on this for now.

SELLER: I completely understand, and I appreciate your honesty. If you're willing, I'd like to send you some information on our solution and check in with you in a few months to see if your priorities have shifted.

BUYER: (definitively) No, that's okay. We're not interested in pursuing this further at this time. Thank you for reaching out, but I think we'll have to decline your offer.",Negative,Failure
https://www.digitalocean.com,"SELLER: Hi, my name is Alex and I'm reaching out from DeepData AI. We're a data processing solution that helps companies like yours optimize their AI inference workflows. I came across DigitalOcean and noticed you're using their infrastructure for your AI applications. Can I ask, what are some of the challenges you're facing with your current data processing setup?

BUYER: Honestly, we're pretty happy with our current setup. We've got a team that handles our data processing, and it's working well enough for us. What makes you think we need something like DeepData AI?

SELLER: I understand that you have a current setup in place, but I've seen many companies like yours struggle with scalability and cost efficiency as their AI workloads grow. DeepData AI can help you streamline your data processing, reduce costs, and improve performance. We've had success with similar companies in the past, such as Scribe and ScraperAPI, who have seen significant cost savings and improved efficiency.

BUYER: I'm not sure I'm convinced. We've already invested a lot in our current infrastructure, and I'm not sure I want to rip and replace it with something new. Plus, we're in the middle of a big project right now, so this isn't a great time for us to be evaluating new solutions.

SELLER: I completely understand your concerns about investment and timing. However, I'd like to propose that DeepData AI can actually complement your existing infrastructure, rather than replacing it. We can work with your team to integrate our solution with your current setup, and our flexible pricing model can help you scale up or down as needed. As for timing, I'd be happy to schedule a demo for when you're ready, and we can provide a proof of concept to show you the value we can bring.

BUYER: I appreciate the offer, but I don't think this is something we're interested in exploring further. We've got a lot on our plate right now, and this just isn't a priority for us. Maybe send me an email with some more information, and I'll take a look when I have some more time.

SELLER: I understand, and I'll definitely send over some more information. However, I want to make sure I'm not just sending you a generic email that might get lost in your inbox. Can I ask, is there someone else on your team who might be a better fit to evaluate our solution, or would you be open to a quick 15-minute call next week to discuss further?

BUYER: No, I don't think so. Like I said, we're just not interested in this right now. Please don't follow up with me or my team. We're good.",Negative,Failure
https://www.scaleway.com,"SELLER: Hi, my name is Alex and I'm reaching out from DeepData AI. We're a data processing solution that helps companies like yours optimize their data workflows and improve overall efficiency. I came across Scaleway and was impressed with your work in the European cloud and AI space. Can you tell me a bit about your current data processing challenges?

BUYER: (skeptical) Ah, another sales call. Look, we're happy with our current setup and I don't see how DeepData AI can add value. We've got a team that handles our data processing and it's working fine for now.

SELLER: I completely understand, and it's great to hear that you have a team in place. However, I've worked with similar companies in the past and often found that there are inefficiencies in their data processing workflows that can be optimized with the right tools. Our solution can help reduce costs and improve data quality. Would you be open to exploring how DeepData AI can help Scaleway?

BUYER: (hesitant) I suppose it couldn't hurt to listen, but I have to warn you that our budget for new solutions is tight, and we're not looking to make any significant changes to our infrastructure right now. Plus, we're already invested in other cloud services, so I'm not sure how your solution would integrate with what we have.

SELLER: I understand your concerns about budget and integration. Our solution is designed to be flexible and can integrate with a variety of cloud services. We've worked with companies that have similar setups to yours and have been able to help them optimize their workflows without disrupting their existing infrastructure. I'd love to schedule a demo to show you how DeepData AI can work with your current setup and address any specific pain points you may have.

BUYER: (firmly) I appreciate the offer, but I don't think we're interested in pursuing this further. We've got a lot on our plate right now and this isn't a priority for us. We're happy with our current data processing solution and don't see a need to change. Please don't contact me again about this.

SELLER: I understand and respect your decision. I'll make sure to update our records to reflect that Scaleway is not interested in DeepData AI at this time. Thank you for your time and I wish you all the best.

BUYER: (final decision) Thank you, and like I said, please don't contact me again about this. We're not interested.",Negative,Failure
https://www.mongodb.com,"SELLER: Hi, my name is Alex and I'm reaching out from DeepData AI. We're a data processing solution that helps companies like yours optimize their data workflow and gain valuable insights. I came across your company and saw that you're using MongoDB, so I thought our solution might be a good fit. Can you tell me a little bit about your current data processing challenges?

BUYER: (sighs) Look, we're happy with our current setup. We've invested a lot in MongoDB and it's working fine for us. What makes you think we need another solution?

SELLER: I understand that you're invested in MongoDB, but our solution is designed to complement it, not replace it. We can help you process large amounts of data more efficiently and provide real-time analytics. I'd love to show you a demo and explain how it can help your team. Would you be open to a quick call next week?

BUYER: (hesitates) I don't know...we're pretty busy right now. And to be honest, I'm not sure if we have the budget for another tool. We're already paying a lot for MongoDB and other solutions. What's the pricing for DeepData AI?

SELLER: Our pricing is competitive, and we offer a tiered structure based on the amount of data you're processing. I can give you a custom quote, but I'd need to know a bit more about your current usage. However, I can tell you that our average customer sees a significant ROI within the first 6 months of using our solution. And we have a free trial period, so you can test it out before committing to anything.

BUYER: (skeptical) I'm not sure...like I said, we're happy with our current setup. And even if we were interested, I'm not the sole decision-maker on this. I'd have to get approval from our CFO and other stakeholders. Can you just send me an email with some more information and we'll review it internally?

SELLER: I can definitely send you an email, but I want to make sure you understand the value proposition of our solution. Can I ask, are you experiencing any pain points with your current data processing workflow that you're looking to address in the next quarter?

BUYER: (firmly) Look, I appreciate the pitch, but like I said, we're not interested right now. We've got other priorities and this isn't something we're looking to explore at the moment. Please don't follow up with me or my team, okay?

SELLER: I understand, and I respect your decision. I'll make sure to update our records and not reach out again. Thank you for your time, and I wish you and your team all the best.

BUYER: (final decision) That's all, thank you.",Negative,Failure
https://www.snowflake.com,"SELLER: Hi, my name is Alex and I'm reaching out from DeepData AI. I came across Snowflake and noticed you're having some issues with Cloudflare blocking your access. I wanted to introduce our data processing solution that can help you better manage your data and avoid such security issues in the future.

BUYER: (sighs) What makes you think we need your solution? We already have a team handling our data security.

SELLER: I understand that, but our solution can actually complement your existing security measures by providing more advanced data processing capabilities. It can help you analyze and respond to security threats more efficiently. Would you like to hear more about how it works?

BUYER: (skeptical) I'm not sure. We're pretty happy with our current setup, and I'm not looking to add any new vendors right now. Plus, I'm not even sure if I'm the right person to be talking to about this. Our procurement team handles all new software purchases.

SELLER: I completely understand your concerns. However, our solution has been shown to increase data processing efficiency by up to 30% and reduce security risks by up to 25%. It might be worth exploring, even if it's just to see if it can integrate with your existing systems. And I can definitely provide more information and case studies to your procurement team if you'd like.

BUYER: (firmly) Look, I appreciate the offer, but we're in the middle of a big project right now and we can't take on anything new. And even if we were interested, I'm sure your solution wouldn't come cheap. We're on a tight budget this quarter.

SELLER: I understand your priorities, and I'm not looking to disrupt your current project. But I'd like to propose a demo of our solution to show you how it can benefit your team in the long run. It's a quick 30-minute call, and it might be worth your time to see if it can address some of the pain points you're experiencing with Cloudflare.

BUYER: (definitively) No, thank you. We're not interested in pursuing this further at this time. Please don't contact me or my team again about DeepData AI.",Negative,Failure
https://www.twilio.com,"SELLER: Hi, my name is Alex and I'm reaching out from DeepData AI. We're a data processing solution that helps companies like yours optimize their customer engagement platforms. I saw that Twilio is one of your technology partners, and I was wondering if you're currently looking for ways to enhance your data processing capabilities.

BUYER: Ah, Twilio, yes. We do use their services. But I'm not sure what you're selling has anything to do with us. We're pretty set with our current data solutions.

SELLER: I completely understand. However, many of our clients who use Twilio have seen significant improvements in their data processing efficiency and customer insights with our solution. We've helped companies like Beehiiv and Instacart optimize their customer engagement platforms. Would you be open to exploring how DeepData AI can help you achieve similar results?

BUYER: I appreciate the offer, but we've already invested heavily in our current data infrastructure. I'm not sure it's the right time for us to consider changing or adding new solutions. Plus, I'd need to discuss this with our procurement team, and they're pretty strict about staying within our current contracts.

SELLER: I understand the concern about investment and contracts. But our solution is designed to be flexible and integrate seamlessly with existing infrastructure, including Twilio. We've had clients who were in similar situations and were able to see a significant ROI within the first few months of implementation. Would a demo or a meeting to discuss how DeepData AI can specifically address your current challenges be something you'd consider?

BUYER: Honestly, I don't think so. We're not looking to shake things up right now, and like I said, we've got existing contracts that we need to see through. I appreciate the pitch, but I think we'll have to pass on this for now.

SELLER: I completely understand your position, and I respect your decision. If circumstances change or you find yourself in need of a more efficient data processing solution in the future, please don't hesitate to reach out. Thank you for your time today.

BUYER: Thank you, Alex. I wish you the best of luck with your product, but for us, the answer is no, we're not interested in DeepData AI at this time.",Neutral,Failure
https://www.sendgrid.com,"SELLER: Hi, my name is Alex and I'm reaching out from DeepData AI. We're a data processing solution that helps companies like yours optimize their data infrastructure and gain valuable insights. I came across your company, Twilio SendGrid, and noticed that you're handling a massive volume of emails every month. I'd love to explore how our solution can help you streamline your data processing and improve deliverability.

BUYER: (skeptical) Ah, another sales call. What makes you think we need your solution? We already have a robust infrastructure in place for handling emails.

SELLER: I understand that you have a solid foundation, but our solution can help you take it to the next level. We've worked with similar companies in the past and have seen significant improvements in data processing efficiency and cost savings. For example, one of our clients was able to reduce their data processing time by 30% and save $100,000 in infrastructure costs. I'd love to discuss how we can help you achieve similar results.

BUYER: (still skeptical) I'm not sure we're looking to invest in a new solution right now. We're in the middle of a major migration to Twilio.com, and our priorities are focused on that. Plus, I'm not convinced that your solution would integrate seamlessly with our existing infrastructure.

SELLER: I completely understand your concerns, and I appreciate your honesty. However, our solution is designed to be highly adaptable and can integrate with a wide range of systems. We've worked with companies that have complex infrastructure, and we've been able to integrate our solution without disrupting their operations. As for the timing, I'd argue that our solution could actually help you optimize your data processing during this migration period, making the transition smoother and more efficient.

BUYER: (firmly) I appreciate your pitch, but I'm afraid we're not interested in exploring your solution at this time. We have a lot on our plate with the migration, and we can't take on any new projects or vendors. Maybe send me an email with some more information, and I'll review it when I have some more time.

SELLER: I understand, and I respect your decision. However, I want to make sure you have all the information you need to make an informed decision. Can I send you a personalized demo link that showcases how our solution can help Twilio SendGrid specifically?

BUYER: (definitively) No, thank you. We're not interested in a demo or any further discussion at this time. Please don't follow up with me or my team. We're just not a good fit for your solution.",Negative,Failure
https://www.mailchimp.com,"SELLER: Hi, my name is Alex and I'm reaching out from DeepData AI. I came across your company while researching businesses that could benefit from our data processing solution. Can I have a few minutes of your time to discuss how we can help you streamline your data operations?

BUYER: (sighs) What's this about? We're pretty happy with our current email and SMS marketing platform, Mailchimp. What makes you think we need something else?

SELLER: I understand you're using Mailchimp, but our solution, DeepData AI, isn't a replacement for Mailchimp. It's actually a complementary tool that helps you make the most out of your data. We can process large amounts of data, provide actionable insights, and even integrate with your existing marketing tools. This can help you maximize your ROI and make data-driven decisions.

BUYER: (skeptical) That sounds interesting, but we're not looking to add another tool to our stack right now. We're trying to simplify our operations, not complicate them. Plus, I'm not sure if our budget can accommodate another subscription.

SELLER: I completely understand your concerns. However, I'd like to address the cost aspect. Our solution can actually help you save money in the long run by optimizing your data operations and providing more accurate insights. As for simplification, our tool is designed to be user-friendly and integrates seamlessly with existing platforms. Would you be open to a demo to see how it can benefit your business?

BUYER: (firmly) Look, I appreciate the offer, but we're just not in a position to take on new vendors or solutions at this time. We're locked into a contract with our current data provider and we need to see that through before exploring other options. Maybe reach out to us in a few months, but for now, I'm going to have to say no.

SELLER: I understand your position and appreciate your honesty. I'll make sure to follow up in a few months as you suggested. If you have any questions or need any information in the meantime, please don't hesitate to reach out.

BUYER: Thank you for understanding, and I wish you the best of luck with your product, but for now, we're going to have to decline.",Neutral,Failure
https://www.intercom.com,"SELLER: Hi, my name is Alex and I'm reaching out from DeepData AI. We're a data processing solution that helps companies like yours streamline their customer service operations. Can you tell me a little bit about your current data processing setup?

BUYER: (sighs) Look, we're not really in the market for a new data processing solution. We've got a system in place that works for us, and I'm not sure what benefits your product would bring to the table.

SELLER: I completely understand. However, our solution has been shown to increase efficiency by up to 30% and reduce costs by up to 25%. We've had great success with similar companies in your industry. Would you be open to hearing more about how DeepData AI could specifically help your company?

BUYER: (skeptical) I'm not sure. We're currently locked into a contract with our existing provider, and I'm not sure we have the budget to make a change right now. Plus, I'd need to talk to our procurement team to see if we even have the authority to make a switch.

SELLER: I understand the concerns about budget and authority. However, I'd like to offer a customized demo to show you exactly how DeepData AI can address your specific pain points. We've worked with companies in similar situations and have been able to help them negotiate with their existing providers or find ways to make the transition work within their budget.

BUYER: (still hesitant) I appreciate the offer, but like I said, we're just not prioritizing this right now. We've got a lot on our plate, and I don't think we're going to be making any changes to our data processing setup in the near future.

SELLER: I understand, and I respect your priorities. However, I'd like to send you a brief follow-up email with some case studies and testimonials from our existing clients. Sometimes, seeing the success stories of similar companies can help spark interest and make a project like this more of a priority.

BUYER: (firmly) No, that's okay. I appreciate the follow-up, but we're just not interested. Please don't send any further emails or make any more calls. We're not going to be moving forward with DeepData AI.",Negative,Failure
https://www.zendesk.com,"SELLER: Hi, my name is Emily and I'm reaching out from DeepData AI. We're a data processing solution that helps companies like yours streamline their data operations and gain valuable insights. I came across your company, and I was impressed with the work you're doing with AI-powered service at Zendesk. Can I ask, are you currently using any data processing solutions to support your AI initiatives?

BUYER: Ah, yes, we're using a combination of tools to manage our data, but I'm not sure we're looking to change anything right now. What makes DeepData AI so special?

SELLER: Well, our solution is designed to handle large volumes of data from multiple sources, and our AI-powered engine can help identify patterns and anomalies that might be missed by human analysts. We've had great success with companies in the tech industry, and I think we could help you optimize your data operations. Would you be open to a quick demo to see how it works?

BUYER: I'm not sure that's necessary. We're pretty happy with our current setup, and I'm not convinced that DeepData AI would be a significant improvement. Plus, we're in the middle of implementing some other priorities, so I don't think we have the bandwidth to consider a new solution right now.

SELLER: I completely understand that you have other priorities, but I'd like to address your concerns about the current setup. Can you tell me more about what you're using now and what challenges you're facing? Maybe there's a specific pain point that we could help with.

BUYER: Honestly, we're using a mix of open-source tools and some custom-built solutions. It's working okay, but it's not perfect. However, we've invested a lot of time and resources into developing our current system, and I'm not sure it's worth ripping it out and starting over with a new solution.

SELLER: I understand the investment you've made, but sometimes, it's more cost-effective in the long run to switch to a more efficient solution. I'd like to propose a demo that can show you exactly how DeepData AI can help you overcome your current challenges and provide a clear ROI. Would you be willing to consider a 30-minute demo next week?

BUYER: Look, I appreciate the offer, but I don't think we're interested in pursuing this further. We're not looking to change our data processing solution at this time, and even if we were, I'm not sure DeepData AI would be the best fit. Please don't follow up with me on this; we're just not a good match.",Negative,Failure
https://www.pendo.io,"SELLER: Hi, my name is Alex and I'm reaching out from DeepData AI. We're a data processing solution that helps companies like yours optimize their data analytics and decision-making. Can I speak with the CTO, please?

BUYER: This is John, the CTO. What's this about?

SELLER: Hi John, thanks for taking my call. I came across your company and noticed that you're using Pendo for product analytics. We've helped similar companies streamline their data processing and gain deeper insights. I'd love to explore if our solution can help you.

BUYER: We're actually pretty happy with Pendo and the integration with Chisel. What makes you think we need another solution?

SELLER: While Pendo is great for product analytics, our solution focuses on the underlying data processing, which can help you scale and reduce costs. We've seen companies like yours reduce their data processing time by up to 50% with our solution. Would you be open to exploring this further?

BUYER: I'm not sure. We've just implemented Pendo and we're still getting familiar with it. I don't think we're looking to add another tool to our stack right now. Plus, I'd need to get approval from our procurement team, and that's a lengthy process.

SELLER: I understand your concerns, John. However, our solution can actually complement Pendo and enhance its capabilities. We've worked with companies that use Pendo, and our solution can help you get more out of your investment. I'd be happy to provide a demo and show you the value we can bring.

BUYER: Look, I appreciate the offer, but we're not interested in exploring another solution at this time. We've got our hands full with current projects, and adding another tool or vendor isn't a priority for us. Maybe send me an email and I'll review it, but I wouldn't count on us moving forward with this.

SELLER: I understand, John. I'll send you an email with some information, but I respect your decision. If you change your mind or have any questions, feel free to reach out.

BUYER: Sounds good, thanks for understanding. We'll pass on this for now.",Neutral,Failure
https://www.gong.io,"SELLER: Hi, my name is Alex and I'm reaching out from DeepData AI. We're a data processing solution that helps companies like yours optimize their revenue operations. I came across your company, Gong, and was impressed with your innovative approach to revenue AI. Can I take a minute to discuss how our solution can help you?

BUYER: (skeptical) Ah, another sales call. What makes you think we need a data processing solution? We're already a leader in revenue action orchestration.

SELLER: That's exactly why I'm calling. As a leader in your space, you likely have a vast amount of customer data that can be leveraged to drive growth. Our solution helps companies like yours uncover hidden insights, automate workflows, and make data-driven decisions. I'd love to explore how DeepData AI can complement your existing revenue AI OS.

BUYER: (hesitant) I'm not sure we're looking to add another tool to our stack right now. We've got a lot of investments in our current infrastructure, and I'm not convinced that your solution would be worth the cost.

SELLER: I completely understand your concerns about cost and integration. However, our solution is designed to be highly adaptable and can integrate seamlessly with your existing systems. In fact, we've had success with similar companies in the revenue tech space, and I'd be happy to share some case studies with you. Additionally, our pricing model is flexible and scalable, so you only pay for what you need.

BUYER: (still skeptical) I appreciate the offer, but we're not really looking to make any significant changes to our tech stack at the moment. We're in the middle of a major product launch, and our priority is getting that out the door. Maybe send me an email with some more information, and I'll take a look when I have some more bandwidth.

SELLER: I understand that timing is everything, and I don't want to be a distraction from your product launch. However, I'd like to propose a brief demo to show you how our solution can help you drive revenue growth and optimize your operations. It would only take 15-20 minutes, and I'd be happy to schedule it at your convenience.

BUYER: (firmly) Alex, I appreciate the persistence, but I'm going to have to decline. We're just not in a position to consider new solutions right now, and I don't see how your product would be a priority for us in the near future. Please don't follow up, and let's just consider this conversation closed.",Negative,Failure
https://www.zoominfo.com,"SELLER: Hi, my name is Alex and I'm reaching out from DeepData AI. We're a data processing solution that helps companies like yours streamline their data workflows and gain valuable insights. I came across your company while researching on ZoomInfo and noticed you're currently using a manual data processing system. Can you tell me a little bit about your current data processing challenges?

BUYER: (sighs) Look, we're not really looking to change our data processing system right now. We've got a lot on our plate and that's not a priority for us. What makes you think we need your solution?

SELLER: I understand that changing systems can be a significant undertaking, but our solution has been shown to increase data processing efficiency by up to 30% and reduce errors by up to 25%. I'd love to discuss how DeepData AI can specifically address your company's needs and provide a customized demo. Can I ask, who is currently responsible for overseeing your data processing operations?

BUYER: (firmly) I'm the CTO, and I can tell you that we're happy with our current system. We've invested a lot of time and money into it, and switching to a new solution would be a significant undertaking. Plus, we're already locked into a contract with our current provider.

SELLER: I completely understand the investment you've made in your current system. However, I'd like to highlight that our solution is designed to be highly adaptable and can integrate with existing systems, minimizing disruption. Additionally, we've worked with several companies in similar situations and have been able to help them navigate contract transitions. Would you be open to exploring how we can support you in this area?

BUYER: (still skeptical) I appreciate the offer, but like I said, we're not looking to change our system right now. And even if we were, I'm not sure we'd be interested in your solution. Your pricing is probably out of our budget anyway.

SELLER: I understand your concerns about pricing, but I'd like to assure you that our solution is competitively priced and offers a significant ROI. I'd be happy to provide a customized quote and discuss how our solution can meet your specific needs. Can I send you some more information and follow up with you in a few days to discuss further?

BUYER: (firmly) No, I don't think that's necessary. We're not interested in pursuing your solution at this time. Please don't follow up with me again.",Negative,Failure
https://www.lusha.com,"SELLER: Hi, my name is Emily and I'm reaching out from DeepData AI. We're a data processing solution that helps companies like yours streamline their data management and gain valuable insights. I came across your company and thought our solution might be a good fit. Can you tell me a bit about your current data processing challenges?

BUYER: (skeptical) Ah, another data processing solution. What makes yours so special? We already have a few tools in place, and I'm not sure we're looking to add another one to the mix.

SELLER: I completely understand. Our solution is unique in that it uses AI-powered algorithms to automate data processing, reducing manual errors and increasing efficiency. We've seen companies like yours achieve significant cost savings and improved data quality. I'd love to discuss how our solution can complement your existing tools and address any specific pain points you're experiencing.

BUYER: (still skeptical) I'm not sure we have the budget for this right now. We're in the middle of a major project, and our focus is on getting that completed. Data processing is important, but it's not our top priority at the moment.

SELLER: I understand that budget and timing can be constraints. However, our solution can actually help you complete your current project more efficiently and effectively. By automating data processing, you can free up resources to focus on higher-priority tasks. We also offer a flexible pricing model that can adapt to your needs. Would you be open to exploring how our solution can support your current project and potentially save you time and resources in the long run?

BUYER: (hesitant) I appreciate the offer, but I'm not the decision-maker when it comes to purchasing new software. Our CFO handles those decisions, and I'm not sure they'd be interested in adding another tool to our stack. Plus, we're already locked into a contract with one of your competitors.

SELLER: I understand the complexities of purchasing decisions and contractual obligations. If I could provide you with a customized demo that highlights the specific benefits of our solution and how it can integrate with your existing tools, would you be willing to share that with your CFO and explore potential options for future collaboration?

BUYER: (firmly) Look, I appreciate the pitch, but we're just not interested in exploring new data processing solutions right now. We've got our hands full with our current project, and we're not looking to add any new tools or vendors to the mix. Maybe reach out to us in a few months and see if our priorities have shifted, but for now, I'm afraid the answer is no.",Negative,Failure
https://www.cognism.com,"SELLER: Hi, my name is Alex and I'm reaching out from DeepData AI. We're a data processing solution that helps companies like yours optimize their data management. Can I speak with the CTO, please?

BUYER: This is John, the CTO. What can I do for you, Alex?

SELLER: Hi John, thanks for taking my call. I understand that your company is currently using Cognism for sales intelligence. We've helped similar companies streamline their data processing and improve their sales outreach. I'd love to explore if our solution can help you as well.

BUYER: We're actually pretty happy with Cognism. They provide us with quality data and their Diamond Data is top-notch. What makes you think your solution is better?

SELLER: That's great to hear that you're happy with Cognism! However, our solution is more focused on data processing and can help you integrate your existing data sources with Cognism. This can help you get a more complete view of your customers and prospects. We've seen companies like yours reduce their data processing time by up to 50% with our solution.

BUYER: I'm not sure we need another data processing solution. We've already invested in a few tools and I'm not convinced that yours would be a good fit. Plus, I'm not sure about the cost. What's the pricing like for your solution?

SELLER: I completely understand your concerns, John. Our pricing is competitive with other data processing solutions on the market. We offer a customized pricing plan based on the specific needs of your company. I'd be happy to discuss the details with you and see if we can find a plan that works for you. Would you be open to a quick demo to see how our solution can integrate with your existing tools?

BUYER: Honestly, Alex, I don't think we're in the market for a new data processing solution right now. We're locked into a contract with one of our existing vendors and I don't have the budget authority to make any changes. I appreciate the offer, but I think we'll have to pass on the demo.

SELLER: I completely understand, John. I appreciate your honesty and I'll make sure to follow up with you in the future to see if anything has changed. Is there anything else I can provide you with in the meantime, such as a case study or a whitepaper on data processing best practices?

BUYER: No, that's okay, Alex. I think we're all set. Thanks for reaching out and I wish you the best of luck with your product.",Neutral,Failure
https://www.6sense.com,"SELLER: Hi, my name is Alex and I'm reaching out from DeepData AI. We're a data processing solution that helps companies like yours streamline their data operations and gain deeper insights. Can I speak with the technical decision-maker, please?

BUYER: This is John, the CTO. What's this about?

SELLER: Great to connect with you, John. Our solution, DeepData AI, uses machine learning to automate data processing, reducing manual labor and increasing accuracy. We've seen significant ROI for our clients in similar industries. I'd love to explore if this could be a good fit for your team.

BUYER: I'm not sure we need another data processing tool. We already have a few solutions in place, and to be honest, I'm not convinced that DeepData AI would be worth the investment. What makes you think we need this?

SELLER: I understand your skepticism, John. However, our solution is designed to integrate with existing tools and enhance their capabilities. We've had success with companies who thought they had adequate solutions but found that DeepData AI could fill critical gaps. For example, one of our clients was able to reduce their data processing time by 30% after implementing our solution.

BUYER: That sounds interesting, but we're in the middle of budget planning for the next quarter, and I don't think we have the resources to allocate to a new tool right now. Plus, I'd need to see a demo and get buy-in from our IT team before we could even consider moving forward.

SELLER: I completely understand, John. Budget and buy-in can be significant hurdles. However, I'd like to propose that seeing a demo could actually help inform your budget planning and IT strategy for the next quarter. It might be worth taking a look now to see if DeepData AI could save you resources in the long run. Would you be open to a brief demo next week?

BUYER: I appreciate the offer, Alex, but I think we're going to have to pass. We're not looking to add any new vendors or solutions at this time, and like I said, we've got our hands full with budget planning and other priorities. Maybe send me an email with some more information, and we can revisit this in a few months, but for now, I don't think it's a good fit.",Neutral,Failure
https://www.demandbase.com,"SELLER: Hi, my name is Alex and I'm reaching out from DeepData AI. We're a data processing solution that helps companies like yours unify their data and turn it into actionable insights. I came across your company and saw that you're using Demandbase, which is a great tool, but I think our solution can complement it really well. Can I take a minute to explain how?

BUYER: (skeptical) Okay, I'll give you a minute. But make it quick. We're pretty happy with our current setup.

SELLER: Absolutely. So, DeepData AI uses machine learning to process large amounts of data and provide real-time insights. It can help you identify new opportunities, optimize your sales and marketing efforts, and even predict customer churn. We've seen some great results with our existing clients, and I think it could really benefit your team as well.

BUYER: (interrupting) That sounds interesting, but we're not looking to add any new solutions right now. We just implemented Demandbase and we're still getting used to it. Plus, I'm not sure if we have the budget for another tool.

SELLER: I completely understand. Implementing a new solution can be a big undertaking, and budget is always a concern. However, I'd like to propose that our solution can actually help you get more out of your existing tools, including Demandbase. We've had clients who have seen a significant increase in ROI after implementing our solution. And in terms of budget, we offer flexible pricing plans that can fit your needs. Would you be open to discussing this further in a demo?

BUYER: (firmly) Look, I appreciate the offer, but I don't think we're interested. We're locked into a contract with our current data processing provider, and we're not looking to make any changes right now. Plus, I'm not convinced that your solution would be worth the cost. I think we'll have to pass.

SELLER: I understand, and I appreciate your honesty. Can I at least send you some more information about our solution, in case you change your mind in the future?

BUYER: (declining) No, that's okay. I think we're good. Thanks for reaching out, but we're not interested in DeepData AI at this time.

SELLER: Alright, I understand. Thank you for your time, and I wish you all the best with your current setup.

BUYER: (final decision) Yeah, thanks. We'll stick with what we have for now.",Negative,Failure
https://www.shopify.com,"SELLER: Hi, my name is Alex and I'm reaching out from DeepData AI. We're a data processing solution that helps companies like yours optimize their operations and gain valuable insights. I came across your company, Shopify, and was impressed with the work you're doing in the commerce platform space. Can I ask, are you currently using any data processing solutions to support your business?

BUYER: (skeptical) Ah, yes, we do use some data processing tools. But I'm not sure what makes DeepData AI so special. We've got a lot of vendors reaching out to us with similar solutions. What sets you apart from the competition?

SELLER: That's a great question. Our AI-powered engine allows for real-time data processing and analysis, which can help you identify trends and patterns that might be missed by traditional solutions. We've seen our clients achieve significant improvements in efficiency and decision-making. I'd love to discuss this further and explore how DeepData AI can support Shopify's goals. Would you be open to a quick demo to see the platform in action?

BUYER: (hesitant) I'm not sure that's necessary. We're currently in the middle of a major project and don't have the bandwidth to evaluate new solutions right now. Plus, I'm not the right person to be speaking with about this  our IT department handles those kinds of decisions. You should reach out to them instead.

SELLER: I completely understand about the project and the IT department. However, I'd like to emphasize that our solution can actually help support your current initiatives by providing more accurate and timely data insights. As for the IT department, I'd be happy to reach out to them, but I'd like to ensure that I'm speaking with the right person and that our solution aligns with their priorities. Can I ask, are you aware of any upcoming initiatives or projects that might require enhanced data processing capabilities?

BUYER: (firmly) Look, I appreciate the pitch, but like I said, we're not in a position to evaluate new solutions right now. And even if we were, I'm not convinced that DeepData AI would be the right fit for us. We've got existing contracts and partnerships that we need to prioritize. I think it's best if you just send me an email with some more information and we can review it internally.

SELLER: I understand your position, and I respect your decision. I'll make sure to send over some information and follow up with your IT department to see if there's a better time to discuss DeepData AI in the future.

BUYER: (definitively) Yes, please do that. But to be clear, we're not interested in pursuing this further at this time. Thank you for reaching out, and I wish you the best of luck with your product.",Negative,Failure
https://www.bigcommerce.com,"SELLER: Hi, my name is Alex from DeepData AI. I came across your company, BigCommerce, and was impressed with your ecommerce solutions. I'd like to introduce our data processing solution, which can help you optimize your operations and improve revenue.

BUYER: (skeptical) Oh, another data processing solution. What makes yours so special? We already have a few tools in place for data analytics.

SELLER: I understand you might have existing solutions, but our AI-powered engine can handle large volumes of data from multiple sources, providing real-time insights and predictions. It can also integrate seamlessly with your current systems, including your ecommerce platform.

BUYER: (unconvinced) That sounds interesting, but we're not looking to add any new expenses to our budget right now. And how does it compare to what we're already using?

SELLER: I understand budget concerns, but our solution can actually help reduce costs in the long run by optimizing operations and improving conversion rates. As for comparison, our solution has been shown to outperform similar tools in terms of speed and accuracy. I'd be happy to provide case studies and demos to illustrate this.

BUYER: (still hesitant) I'm not sure... We're in the middle of evaluating our current data analytics tools, and I don't think we're ready to consider new solutions just yet. Plus, I'm not the one who makes the final decisions on this.

SELLER: I understand your concerns, and I appreciate your honesty. However, I'd like to offer a personalized demo to showcase how our solution can address specific pain points you might be experiencing. Would you be open to a 15-minute call next week to explore this further?

BUYER: (firmly) No, I don't think so. We're not interested in exploring new data processing solutions at this time. We're happy with our current setup, and I don't see the need to change. Please don't contact me again about this.",Negative,Failure
